open_timestamp_utc,close_timestamp_utc,open,high,low,close,volume
1506556800,1506643199,0.00004321,0.00009699,0.00004321,0.00008999,1170374.00000000
1506643200,1506729599,0.00008999,0.00012199,0.00008601,0.00010450,1079615.00000000
1506729600,1506815999,0.00010450,0.00012310,0.00010000,0.00010200,5297995.00000000
1506816000,1506902399,0.00010600,0.00011599,0.00009001,0.00010700,1064455.00000000
1506902400,1506988799,0.00010700,0.00011866,0.00010314,0.00010966,1842299.00000000
1506988800,1507075199,0.00010672,0.00011319,0.00010103,0.00010502,1374295.00000000
1507075200,1507161599,0.00010747,0.00011300,0.00009505,0.00009964,791978.00000000
1507161600,1507247999,0.00009964,0.00010700,0.00009000,0.00009365,828050.00000000
1507248000,1507334399,0.00009365,0.00009525,0.00008501,0.00008501,1628025.00000000
1507334400,1507420799,0.00008600,0.00008888,0.00008008,0.00008500,1243774.00000000
1507420800,1507507199,0.00008670,0.00008670,0.00007621,0.00007621,1121566.00000000
1507507200,1507593599,0.00007652,0.00008161,0.00007376,0.00007700,4041294.00000000
1507593600,1507679999,0.00007416,0.00008315,0.00007102,0.00008080,3348569.00000000
1507680000,1507766399,0.00007963,0.00008894,0.00007963,0.00008556,678930.00000000
1507766400,1507852799,0.00008556,0.00008818,0.00008000,0.00008573,1900739.00000000
1507852800,1507939199,0.00008639,0.00008645,0.00006998,0.00007094,628334.00000000
1507939200,1508025599,0.00007090,0.00007395,0.00006691,0.00006931,747834.00000000
1508025600,1508111999,0.00006931,0.00007699,0.00006695,0.00007699,503502.00000000
1508112000,1508198399,0.00006948,0.00011496,0.00006822,0.00008800,4563057.00000000
1508198400,1508284799,0.00008800,0.00009568,0.00008100,0.00008588,5935812.00000000
1508284800,1508371199,0.00008585,0.00008757,0.00007312,0.00007561,2835987.00000000
1508371200,1508457599,0.00007561,0.00007899,0.00006935,0.00007175,1942214.00000000
1508457600,1508543999,0.00006948,0.00007474,0.00006500,0.00006506,1695631.00000000
1508544000,1508630399,0.00006633,0.00007013,0.00005827,0.00006214,1620335.00000000
1508630400,1508716799,0.00006032,0.00006949,0.00005970,0.00006800,1388351.00000000
1508716800,1508803199,0.00006587,0.00006699,0.00006000,0.00006400,1313152.00000000
1508803200,1508889599,0.00006152,0.00006987,0.00006004,0.00006400,697898.00000000
1508889600,1508975999,0.00006257,0.00006406,0.00006000,0.00006005,711874.00000000
1508976000,1509062399,0.00006060,0.00006499,0.00005911,0.00006106,981777.00000000
1509062400,1509148799,0.00006350,0.00006700,0.00005888,0.00006194,981938.00000000
1509148800,1509235199,0.00006449,0.00006969,0.00006300,0.00006662,1170160.00000000
1509235200,1509321599,0.00006538,0.00006600,0.00005800,0.00006400,1012513.00000000
1509321600,1509407999,0.00006101,0.00006930,0.00005835,0.00006350,2540735.00000000
1509408000,1509494399,0.00006211,0.00006504,0.00005700,0.00006338,611809.00000000
1509494400,1509580799,0.00006003,0.00006003,0.00005302,0.00005429,1036350.00000000
1509580800,1509667199,0.00005351,0.00006350,0.00004901,0.00005651,2036074.00000000
1509667200,1509753599,0.00005534,0.00005999,0.00005100,0.00005100,659808.00000000
1509753600,1509839999,0.00005431,0.00005620,0.00005300,0.00005620,551214.00000000
1509840000,1509926399,0.00005300,0.00005575,0.00005011,0.00005011,886628.00000000
1509926400,1510012799,0.00005099,0.00005379,0.00004921,0.00005000,925230.00000000
1510012800,1510099199,0.00005001,0.00005438,0.00004893,0.00005270,1159674.00000000
1510099200,1510185599,0.00005270,0.00005849,0.00005032,0.00005769,2528110.00000000
1510185600,1510271999,0.00005374,0.00005827,0.00005311,0.00005541,1198049.00000000
1510272000,1510358399,0.00005405,0.00005580,0.00004813,0.00005134,2370162.00000000
1510358400,1510444799,0.00005283,0.00005283,0.00004460,0.00004555,2493333.00000000
1510444800,1510531199,0.00004481,0.00004810,0.00004110,0.00004264,12574781.00000000
1510531200,1510617599,0.00004261,0.00004765,0.00004111,0.00004501,594036.00000000
1510617600,1510703999,0.00004616,0.00005300,0.00004100,0.00004449,4379388.00000000
1510704000,1510790399,0.00004435,0.00005058,0.00004333,0.00004701,1741024.00000000
1510790400,1510876799,0.00004984,0.00005481,0.00004705,0.00005199,2079557.00000000
1510876800,1510963199,0.00005012,0.00005105,0.00004736,0.00004736,1140406.00000000
1510963200,1511049599,0.00004737,0.00005004,0.00004591,0.00004637,2163067.00000000
1511049600,1511135999,0.00004729,0.00005195,0.00004291,0.00004760,1484881.00000000
1511136000,1511222399,0.00004760,0.00005141,0.00004486,0.00004941,2641801.00000000
1511222400,1511308799,0.00004980,0.00005495,0.00004848,0.00005495,2844673.00000000
1511308800,1511395199,0.00005391,0.00006899,0.00005306,0.00005775,7583839.00000000
1511395200,1511481599,0.00005796,0.00006595,0.00005459,0.00005609,2805539.00000000
1511481600,1511567999,0.00005612,0.00005890,0.00004607,0.00004928,2392925.00000000
1511568000,1511654399,0.00004914,0.00005367,0.00004495,0.00004876,1134024.00000000
1511654400,1511740799,0.00004875,0.00005120,0.00004492,0.00004830,811929.00000000
1511740800,1511827199,0.00004920,0.00005032,0.00004608,0.00004823,1137831.00000000
1511827200,1511913599,0.00004858,0.00006355,0.00004858,0.00005700,2091631.00000000
1511913600,1511999999,0.00005781,0.00006501,0.00005354,0.00005814,4984210.00000000
1512000000,1512086399,0.00005814,0.00006230,0.00005301,0.00005889,2504286.00000000
1512086400,1512172799,0.00005896,0.00006167,0.00005741,0.00005756,1769057.00000000
1512172800,1512259199,0.00005756,0.00005973,0.00005319,0.00005560,1772065.00000000
1512259200,1512345599,0.00005540,0.00006435,0.00005509,0.00005780,1264381.00000000
1512345600,1512431999,0.00005889,0.00007318,0.00005631,0.00006949,1981621.00000000
1512432000,1512518399,0.00006911,0.00007299,0.00006422,0.00006439,2868212.00000000
1512518400,1512604799,0.00006600,0.00010000,0.00006439,0.00009097,4909013.00000000
1512604800,1512691199,0.00009097,0.00009217,0.00006500,0.00007023,9524212.00000000
1512691200,1512777599,0.00007023,0.00007349,0.00006001,0.00007031,9049322.00000000
1512777600,1512863999,0.00007031,0.00008049,0.00005690,0.00006624,5285273.00000000
1512864000,1512950399,0.00006601,0.00006860,0.00005801,0.00006489,2795579.00000000
1512950400,1513036799,0.00006490,0.00007688,0.00006100,0.00006100,2473129.00000000
1513036800,1513123199,0.00006055,0.00006507,0.00004813,0.00005464,4658687.00000000
1513123200,1513209599,0.00005464,0.00006599,0.00005401,0.00006132,5348706.00000000
1513209600,1513295999,0.00005983,0.00006250,0.00005227,0.00006053,6836166.00000000
1513296000,1513382399,0.00005880,0.00006550,0.00005459,0.00005850,11124280.00000000
1513382400,1513468799,0.00005827,0.00006449,0.00005695,0.00006059,17412803.00000000
1513468800,1513555199,0.00006059,0.00007300,0.00005772,0.00006410,37043064.00000000
1513555200,1513641599,0.00006389,0.00008997,0.00006100,0.00007550,39236679.00000000
1513641600,1513727999,0.00007550,0.00007988,0.00006475,0.00007010,29713663.00000000
1513728000,1513814399,0.00006930,0.00007199,0.00005900,0.00006737,28003623.00000000
1513814400,1513900799,0.00006737,0.00008499,0.00006335,0.00007655,33317297.00000000
1513900800,1513987199,0.00007655,0.00007996,0.00006200,0.00007100,29790568.00000000
1513987200,1514073599,0.00007075,0.00010713,0.00006822,0.00008712,34768764.00000000
1514073600,1514159999,0.00008712,0.00008914,0.00007500,0.00008303,20194725.00000000
1514160000,1514246399,0.00008441,0.00009010,0.00007900,0.00008051,10122414.00000000
1514246400,1514332799,0.00008051,0.00008365,0.00007000,0.00007503,10518342.00000000
1514332800,1514419199,0.00007453,0.00008400,0.00007010,0.00007600,14108205.00000000
1514419200,1514505599,0.00007529,0.00007800,0.00007047,0.00007636,10997710.00000000
1514505600,1514591999,0.00007600,0.00008690,0.00007371,0.00008156,17910024.00000000
1514592000,1514678399,0.00008295,0.00018005,0.00007810,0.00012806,61401987.00000000
1514678400,1514764799,0.00012806,0.00017550,0.00011290,0.00011500,81189857.00000000
1514764800,1514851199,0.00011500,0.00012600,0.00011121,0.00011204,35433070.00000000
1514851200,1514937599,0.00011201,0.00011498,0.00009133,0.00010297,35650836.00000000
1514937600,1515023999,0.00010348,0.00012500,0.00009702,0.00011710,51131673.00000000
1515024000,1515110399,0.00011710,0.00020500,0.00011249,0.00018266,98490537.00000000
1515110400,1515196799,0.00018501,0.00019500,0.00015022,0.00016999,61105149.00000000
1515196800,1515283199,0.00017000,0.00018450,0.00015536,0.00017039,35009354.00000000
1515283200,1515369599,0.00017039,0.00017900,0.00014545,0.00014760,35735637.00000000
1515369600,1515455999,0.00014800,0.00017150,0.00012396,0.00016486,56998755.00000000
1515456000,1515542399,0.00016486,0.00016948,0.00012602,0.00013197,64430155.00000000
1515542400,1515628799,0.00013194,0.00013395,0.00010800,0.00012974,29124383.00000000
1515628800,1515715199,0.00012975,0.00013000,0.00010499,0.00011432,25561328.00000000
1515715200,1515801599,0.00011432,0.00011695,0.00010950,0.00011291,22545949.00000000
1515801600,1515887999,0.00011225,0.00011375,0.00009500,0.00009912,22174045.00000000
1515888000,1515974399,0.00009960,0.00010020,0.00009000,0.00009506,16640114.00000000
1515974400,1516060799,0.00009506,0.00010713,0.00009352,0.00009533,19636205.00000000
1516060800,1516147199,0.00009539,0.00009634,0.00006324,0.00008164,30116298.00000000
1516147200,1516233599,0.00008176,0.00009800,0.00007705,0.00009435,29708240.00000000
1516233600,1516319999,0.00009435,0.00011727,0.00009250,0.00010873,32355348.00000000
1516320000,1516406399,0.00010872,0.00013400,0.00010842,0.00011857,57354514.00000000
1516406400,1516492799,0.00011850,0.00011908,0.00010432,0.00010617,20531205.00000000
1516492800,1516579199,0.00010669,0.00010940,0.00009258,0.00010121,20816004.00000000
1516579200,1516665599,0.00010121,0.00010846,0.00009200,0.00009900,19973744.00000000
1516665600,1516751999,0.00009943,0.00010500,0.00009424,0.00009794,12877777.00000000
1516752000,1516838399,0.00009795,0.00010700,0.00009400,0.00009447,17607184.00000000
1516838400,1516924799,0.00009447,0.00009670,0.00008706,0.00009185,11283662.00000000
1516924800,1517011199,0.00009213,0.00009437,0.00008691,0.00009061,9043960.00000000
1517011200,1517097599,0.00009041,0.00010106,0.00008891,0.00009430,22210015.00000000
1517097600,1517183999,0.00009430,0.00009509,0.00008200,0.00008202,13973392.00000000
1517184000,1517270399,0.00008204,0.00008985,0.00008015,0.00008084,8932239.00000000
1517270400,1517356799,0.00008085,0.00008980,0.00007232,0.00007502,13021246.00000000
1517356800,1517443199,0.00007519,0.00007800,0.00006951,0.00007660,10734666.00000000
1517443200,1517529599,0.00007660,0.00007691,0.00006000,0.00006700,17972111.00000000
1517529600,1517615999,0.00006702,0.00007099,0.00005900,0.00005904,22150159.00000000
1517616000,1517702399,0.00005914,0.00006493,0.00004766,0.00006153,39864165.00000000
1517702400,1517788799,0.00006152,0.00006300,0.00005856,0.00006068,18409659.00000000
1517788800,1517875199,0.00006065,0.00006845,0.00005300,0.00005539,25488305.00000000
1517875200,1517961599,0.00005541,0.00007000,0.00005130,0.00006770,32281542.00000000
1517961600,1518047999,0.00006781,0.00009131,0.00006374,0.00007500,94183660.00000000
1518048000,1518134399,0.00007500,0.00007792,0.00007350,0.00007720,1514548.00000000
1518134400,1518220799,0.00007718,0.00007718,0.00006900,0.00007025,15533748.00000000
1518220800,1518307199,0.00007016,0.00007379,0.00006513,0.00006678,19837029.00000000
1518307200,1518393599,0.00006678,0.00006825,0.00006175,0.00006436,12878100.00000000
1518393600,1518479999,0.00006436,0.00006619,0.00006000,0.00006310,29278595.00000000
1518480000,1518566399,0.00006300,0.00006399,0.00006001,0.00006030,8537104.00000000
1518566400,1518652799,0.00006029,0.00006670,0.00005928,0.00006173,15260302.00000000
1518652800,1518739199,0.00006180,0.00006440,0.00005944,0.00006217,19926860.00000000
1518739200,1518825599,0.00006238,0.00006385,0.00006052,0.00006295,11286350.00000000
1518825600,1518911999,0.00006295,0.00007150,0.00006251,0.00006855,25764207.00000000
1518912000,1518998399,0.00006855,0.00006875,0.00006280,0.00006402,15976559.00000000
1518998400,1519084799,0.00006427,0.00006850,0.00006310,0.00006765,10316839.00000000
1519084800,1519171199,0.00006765,0.00006867,0.00006228,0.00006327,16383131.00000000
1519171200,1519257599,0.00006363,0.00006599,0.00005961,0.00006177,10697414.00000000
1519257600,1519343999,0.00006177,0.00006379,0.00005790,0.00006071,9041707.00000000
1519344000,1519430399,0.00006087,0.00006869,0.00005704,0.00006119,17062036.00000000
1519430400,1519516799,0.00006136,0.00006528,0.00005960,0.00006149,12057627.00000000
1519516800,1519603199,0.00006147,0.00006440,0.00006000,0.00006134,6466908.00000000
1519603200,1519689599,0.00006115,0.00006192,0.00005701,0.00006026,6824566.00000000
1519689600,1519775999,0.00006063,0.00006100,0.00005830,0.00005951,4950024.00000000
1519776000,1519862399,0.00005978,0.00006179,0.00005700,0.00006179,8746594.00000000
1519862400,1519948799,0.00006178,0.00007699,0.00006001,0.00006614,32210875.00000000
1519948800,1520035199,0.00006584,0.00007990,0.00006552,0.00007978,31308302.00000000
1520035200,1520121599,0.00007980,0.00008689,0.00007114,0.00007393,27418033.00000000
1520121600,1520207999,0.00007432,0.00007590,0.00006800,0.00006947,7944708.00000000
1520208000,1520294399,0.00006924,0.00007700,0.00006800,0.00007369,8624421.00000000
1520294400,1520380799,0.00007375,0.00007545,0.00006667,0.00006718,9228801.00000000
1520380800,1520467199,0.00006718,0.00006900,0.00006001,0.00006498,12767139.00000000
1520467200,1520553599,0.00006496,0.00006697,0.00006001,0.00006172,7430700.00000000
1520553600,1520639999,0.00006150,0.00006370,0.00005800,0.00006301,8580422.00000000
1520640000,1520726399,0.00006302,0.00006674,0.00006109,0.00006325,5164875.00000000
1520726400,1520812799,0.00006325,0.00006709,0.00006241,0.00006709,3193989.00000000
1520812800,1520899199,0.00006659,0.00006765,0.00006411,0.00006503,3998690.00000000
1520899200,1520985599,0.00006503,0.00006785,0.00006351,0.00006495,4953842.00000000
1520985600,1521071999,0.00006450,0.00006600,0.00005971,0.00006147,6666683.00000000
1521072000,1521158399,0.00006129,0.00006598,0.00005905,0.00006282,8217529.00000000
1521158400,1521244799,0.00006344,0.00006622,0.00006106,0.00006368,3827127.00000000
1521244800,1521331199,0.00006397,0.00006650,0.00006150,0.00006380,4091846.00000000
1521331200,1521417599,0.00006326,0.00006745,0.00006152,0.00006642,8652464.00000000
1521417600,1521503999,0.00006642,0.00007476,0.00006466,0.00007060,8216371.00000000
1521504000,1521590399,0.00007040,0.00007500,0.00006706,0.00007200,9822594.00000000
1521590400,1521676799,0.00007248,0.00007721,0.00007000,0.00007278,8847733.00000000
1521676800,1521763199,0.00007271,0.00007573,0.00007111,0.00007342,8194467.00000000
1521763200,1521849599,0.00007361,0.00007985,0.00007115,0.00007590,11147175.00000000
1521849600,1521935999,0.00007600,0.00008450,0.00007484,0.00007832,13610814.00000000
1521936000,1522022399,0.00007828,0.00008400,0.00007616,0.00008020,6079859.00000000
1522022400,1522108799,0.00008039,0.00008050,0.00007539,0.00007788,7174956.00000000
1522108800,1522195199,0.00007779,0.00008778,0.00007558,0.00008075,14680447.00000000
1522195200,1522281599,0.00008023,0.00008666,0.00007954,0.00008444,7704814.00000000
1522281600,1522367999,0.00008445,0.00008650,0.00007727,0.00008103,8454840.00000000
1522368000,1522454399,0.00008120,0.00008258,0.00007616,0.00007753,6215497.00000000
1522454400,1522540799,0.00007752,0.00008654,0.00007600,0.00007864,9648286.00000000
1522540800,1522627199,0.00007864,0.00008026,0.00007508,0.00007821,4232622.00000000
1522627200,1522713599,0.00007821,0.00008117,0.00007673,0.00007870,4935971.00000000
1522713600,1522799999,0.00007899,0.00008436,0.00007777,0.00007850,5421001.00000000
1522800000,1522886399,0.00007892,0.00007999,0.00007700,0.00007764,3931025.00000000
1522886400,1522972799,0.00007705,0.00008041,0.00007590,0.00007742,4510963.00000000
1522972800,1523059199,0.00007742,0.00007961,0.00007608,0.00007880,2387187.00000000
1523059200,1523145599,0.00007880,0.00007997,0.00007650,0.00007761,2569613.00000000
1523145600,1523231999,0.00007797,0.00007811,0.00007590,0.00007619,2521588.00000000
1523232000,1523318399,0.00007619,0.00007634,0.00007178,0.00007240,6088360.00000000
1523318400,1523404799,0.00007246,0.00007444,0.00007100,0.00007108,4141430.00000000
1523404800,1523491199,0.00007100,0.00007969,0.00007023,0.00007758,8941257.00000000
1523491200,1523577599,0.00007758,0.00008337,0.00007201,0.00007354,21386983.00000000
1523577600,1523663999,0.00007314,0.00008287,0.00007178,0.00007581,13091105.00000000
1523664000,1523750399,0.00007582,0.00008926,0.00007521,0.00008246,25778431.00000000
1523750400,1523836799,0.00008221,0.00008373,0.00007909,0.00008009,8049966.00000000
1523836800,1523923199,0.00008009,0.00008153,0.00007610,0.00007950,5906431.00000000
1523923200,1524009599,0.00007950,0.00008150,0.00007801,0.00007912,9416606.00000000
1524009600,1524095999,0.00007873,0.00008312,0.00007700,0.00008253,8661268.00000000
1524096000,1524182399,0.00008253,0.00008312,0.00007910,0.00007956,7570128.00000000
1524182400,1524268799,0.00007983,0.00008030,0.00007540,0.00007670,8391623.00000000
1524268800,1524355199,0.00007601,0.00007912,0.00007123,0.00007455,7817861.00000000
1524355200,1524441599,0.00007455,0.00007755,0.00007280,0.00007569,12648749.00000000
1524441600,1524527999,0.00007518,0.00007698,0.00007330,0.00007528,12750583.00000000
1524528000,1524614399,0.00007499,0.00007585,0.00007108,0.00007259,17352880.00000000
1524614400,1524700799,0.00007240,0.00007400,0.00006707,0.00006782,29689228.00000000
1524700800,1524787199,0.00006782,0.00007200,0.00006660,0.00006972,25243715.00000000
1524787200,1524873599,0.00006972,0.00007031,0.00006731,0.00006900,10679295.00000000
1524873600,1524959999,0.00006886,0.00006960,0.00006712,0.00006772,12544350.00000000
1524960000,1525046399,0.00006769,0.00006999,0.00006747,0.00006918,13402115.00000000
1525046400,1525132799,0.00006919,0.00007419,0.00006830,0.00007176,25217647.00000000
1525132800,1525219199,0.00007176,0.00007216,0.00006924,0.00007118,14103447.00000000
1525219200,1525305599,0.00007119,0.00007402,0.00007023,0.00007313,18156728.00000000
1525305600,1525391999,0.00007331,0.00007537,0.00006700,0.00006748,39086619.00000000
1525392000,1525478399,0.00006747,0.00006954,0.00006243,0.00006509,16442818.00000000
1525478400,1525564799,0.00006509,0.00006549,0.00006147,0.00006303,13385466.00000000
1525564800,1525651199,0.00006281,0.00006715,0.00006191,0.00006715,18718295.00000000
1525651200,1525737599,0.00006715,0.00008050,0.00006675,0.00007578,87415073.00000000
1525737600,1525823999,0.00007578,0.00007963,0.00007275,0.00007490,23455482.00000000
1525824000,1525910399,0.00007508,0.00007562,0.00007082,0.00007115,9643023.00000000
1525910400,1525996799,0.00007115,0.00007715,0.00007070,0.00007399,17710378.00000000
1525996800,1526083199,0.00007399,0.00007400,0.00006506,0.00006652,12207644.00000000
1526083200,1526169599,0.00006652,0.00006907,0.00006306,0.00006677,8315650.00000000
1526169600,1526255999,0.00006703,0.00007073,0.00006499,0.00006690,8392294.00000000
1526256000,1526342399,0.00006687,0.00006716,0.00006349,0.00006510,7819519.00000000
1526342400,1526428799,0.00006506,0.00006776,0.00006386,0.00006441,7290458.00000000
1526428800,1526515199,0.00006441,0.00006514,0.00006106,0.00006274,6912099.00000000
1526515200,1526601599,0.00006260,0.00007700,0.00006197,0.00007010,20001359.00000000
1526601600,1526687999,0.00007009,0.00008083,0.00006577,0.00006686,34140374.00000000
1526688000,1526774399,0.00006686,0.00007250,0.00006647,0.00006808,10216757.00000000
1526774400,1526860799,0.00006799,0.00006876,0.00006666,0.00006701,6328701.00000000
1526860800,1526947199,0.00006688,0.00006784,0.00006573,0.00006700,6551267.00000000
1526947200,1527033599,0.00006700,0.00006745,0.00006288,0.00006487,5602953.00000000
1527033600,1527119999,0.00006453,0.00006625,0.00005739,0.00006094,10808186.00000000
1527120000,1527206399,0.00006090,0.00006278,0.00005630,0.00006065,16078706.00000000
1527206400,1527292799,0.00006086,0.00006316,0.00005800,0.00005926,7041607.00000000
1527292800,1527379199,0.00005939,0.00006113,0.00005820,0.00005982,4505187.00000000
1527379200,1527465599,0.00005984,0.00006284,0.00005849,0.00006126,3475456.00000000
1527465600,1527551999,0.00006108,0.00006385,0.00005997,0.00006107,9141571.00000000
1527552000,1527638399,0.00006095,0.00006400,0.00005990,0.00006039,8001243.00000000
1527638400,1527724799,0.00006041,0.00006169,0.00005962,0.00006064,7004767.00000000
1527724800,1527811199,0.00006064,0.00006100,0.00005820,0.00005913,5090396.00000000
1527811200,1527897599,0.00005904,0.00006070,0.00005817,0.00005986,6420696.00000000
1527897600,1527983999,0.00005982,0.00006164,0.00005925,0.00006045,6467886.00000000
1527984000,1528070399,0.00006045,0.00006057,0.00005713,0.00005752,5538213.00000000
1528070400,1528156799,0.00005799,0.00005840,0.00005574,0.00005716,6098775.00000000
1528156800,1528243199,0.00005716,0.00005826,0.00005660,0.00005701,4629132.00000000
1528243200,1528329599,0.00005709,0.00005721,0.00005537,0.00005580,4238249.00000000
1528329600,1528415999,0.00005560,0.00005698,0.00005534,0.00005568,3269381.00000000
1528416000,1528502399,0.00005548,0.00005689,0.00005402,0.00005658,2662676.00000000
1528502400,1528588799,0.00005654,0.00005682,0.00005534,0.00005565,3353340.00000000
1528588800,1528675199,0.00005558,0.00005578,0.00005111,0.00005231,8831844.00000000
1528675200,1528761599,0.00005245,0.00005492,0.00005149,0.00005392,4919120.00000000
1528761600,1528847999,0.00005392,0.00005436,0.00005126,0.00005126,6424360.00000000
1528848000,1528934399,0.00005129,0.00005352,0.00005125,0.00005213,9754061.00000000
1528934400,1529020799,0.00005213,0.00005440,0.00005125,0.00005269,10291413.00000000
1529020800,1529107199,0.00005277,0.00005311,0.00005100,0.00005187,6113387.00000000
1529107200,1529193599,0.00005167,0.00005311,0.00004984,0.00005033,3941188.00000000
1529193600,1529279999,0.00005033,0.00005034,0.00004850,0.00004920,3882125.00000000
1529280000,1529366399,0.00004935,0.00005200,0.00004762,0.00004982,8180164.00000000
1529366400,1529452799,0.00004982,0.00005043,0.00004691,0.00004750,6774863.00000000
1529452800,1529539199,0.00004750,0.00004786,0.00004562,0.00004680,4787362.00000000
1529539200,1529625599,0.00004676,0.00006136,0.00004545,0.00005642,28652269.00000000
1529625600,1529711999,0.00005646,0.00005810,0.00005160,0.00005197,33049718.00000000
1529712000,1529798399,0.00005197,0.00005295,0.00005021,0.00005200,8994508.00000000
1529798400,1529884799,0.00005200,0.00005340,0.00005073,0.00005175,10679323.00000000
1529884800,1529971199,0.00005185,0.00005330,0.00005101,0.00005220,5704012.00000000
1529971200,1530057599,0.00005220,0.00005390,0.00005131,0.00005378,2965910.00000000
1530057600,1530143999,0.00005349,0.00005480,0.00005305,0.00005376,4151150.00000000
1530144000,1530230399,0.00005327,0.00005530,0.00005300,0.00005300,4740108.00000000
1530230400,1530316799,0.00005305,0.00005380,0.00005240,0.00005335,4390911.00000000
1530316800,1530403199,0.00005357,0.00005638,0.00005240,0.00005430,7636972.00000000
1530403200,1530489599,0.00005430,0.00006240,0.00005320,0.00006012,18848742.00000000
1530489600,1530575999,0.00006021,0.00006383,0.00005930,0.00006177,12653300.00000000
1530576000,1530662399,0.00006177,0.00006288,0.00006090,0.00006144,8682308.00000000
1530662400,1530748799,0.00006163,0.00006298,0.00006038,0.00006227,4217159.00000000
1530748800,1530835199,0.00006205,0.00006610,0.00006140,0.00006396,10781658.00000000
1530835200,1530921599,0.00006453,0.00006540,0.00006200,0.00006267,5738575.00000000
1530921600,1531007999,0.00006269,0.00006320,0.00006040,0.00006081,2718223.00000000
1531008000,1531094399,0.00006102,0.00006170,0.00005944,0.00006080,4376067.00000000
1531094400,1531180799,0.00006111,0.00006157,0.00006000,0.00006095,3469266.00000000
1531180800,1531267199,0.00006026,0.00006100,0.00005649,0.00005688,5452398.00000000
1531267200,1531353599,0.00005674,0.00005790,0.00005514,0.00005667,4530464.00000000
1531353600,1531439999,0.00005672,0.00005710,0.00005460,0.00005590,2974439.00000000
1531440000,1531526399,0.00005556,0.00005589,0.00005450,0.00005514,1533765.00000000
1531526400,1531612799,0.00005537,0.00005544,0.00005379,0.00005426,1634579.00000000
1531612800,1531699199,0.00005417,0.00005790,0.00005383,0.00005600,4825311.00000000
1531699200,1531785599,0.00005646,0.00005690,0.00005340,0.00005593,5918581.00000000
1531785600,1531871999,0.00005594,0.00005870,0.00005540,0.00005870,3830565.00000000
1531872000,1531958399,0.00005870,0.00006230,0.00005836,0.00006040,6216568.00000000
1531958400,1532044799,0.00006040,0.00006121,0.00005820,0.00005915,4238995.00000000
1532044800,1532131199,0.00005915,0.00005960,0.00005550,0.00005606,4435334.00000000
1532131200,1532217599,0.00005583,0.00005690,0.00005455,0.00005690,3023497.00000000
1532217600,1532303999,0.00005690,0.00005700,0.00005550,0.00005551,1792046.00000000
1532304000,1532390399,0.00005550,0.00005688,0.00005430,0.00005567,2884081.00000000
1532390400,1532476799,0.00005568,0.00005710,0.00005461,0.00005556,3588097.00000000
1532476800,1532563199,0.00005551,0.00005862,0.00005530,0.00005740,4419933.00000000
1532563200,1532649599,0.00005742,0.00005785,0.00005401,0.00005456,4682222.00000000
1532649600,1532735999,0.00005472,0.00005630,0.00005350,0.00005480,3119388.00000000
1532736000,1532822399,0.00005482,0.00005730,0.00005425,0.00005578,3001197.00000000
1532822400,1532908799,0.00005579,0.00005602,0.00005330,0.00005498,4173237.00000000
1532908800,1532995199,0.00005483,0.00005550,0.00005360,0.00005397,1373101.00000000
1532995200,1533081599,0.00005396,0.00005550,0.00005211,0.00005526,4205081.00000000
1533081600,1533167999,0.00005481,0.00005549,0.00005190,0.00005346,3560660.00000000
1533168000,1533254399,0.00005332,0.00005550,0.00005080,0.00005301,6752505.00000000
1533254400,1533340799,0.00005289,0.00005450,0.00005081,0.00005357,4859278.00000000
1533340800,1533427199,0.00005393,0.00005490,0.00005200,0.00005256,2952800.00000000
1533427200,1533513599,0.00005256,0.00005395,0.00005150,0.00005360,2520385.00000000
1533513600,1533599999,0.00005360,0.00005446,0.00005100,0.00005120,3345226.00000000
1533600000,1533686399,0.00005120,0.00005400,0.00005120,0.00005400,3295817.00000000
1533686400,1533772799,0.00005398,0.00005398,0.00005020,0.00005100,3793638.00000000
1533772800,1533859199,0.00005106,0.00005450,0.00005068,0.00005401,4719860.00000000
1533859200,1533945599,0.00005401,0.00005462,0.00005200,0.00005372,2863977.00000000
1533945600,1534031999,0.00005350,0.00005700,0.00005247,0.00005520,7743735.00000000
1534032000,1534118399,0.00005520,0.00005799,0.00005500,0.00005780,2817261.00000000
1534118400,1534204799,0.00005786,0.00005968,0.00005550,0.00005944,9152504.00000000
1534204800,1534291199,0.00005942,0.00005946,0.00005200,0.00005485,9709300.00000000
1534291200,1534377599,0.00005537,0.00006088,0.00005375,0.00006038,15808556.00000000
1534377600,1534463999,0.00006038,0.00006650,0.00005964,0.00006290,12902281.00000000
1534464000,1534550399,0.00006334,0.00006550,0.00006160,0.00006344,5003525.00000000
1534550400,1534636799,0.00006421,0.00006600,0.00006301,0.00006600,4491162.00000000
1534636800,1534723199,0.00006570,0.00006700,0.00006400,0.00006555,2763624.00000000
1534723200,1534809599,0.00006600,0.00006848,0.00006434,0.00006606,6069410.00000000
1534809600,1534895999,0.00006643,0.00006645,0.00006129,0.00006360,9532205.00000000
1534896000,1534982399,0.00006373,0.00006700,0.00006105,0.00006166,10814362.00000000
1534982400,1535068799,0.00006166,0.00006200,0.00005900,0.00006037,8917477.00000000
1535068800,1535155199,0.00006004,0.00006200,0.00005900,0.00006197,4199866.00000000
1535155200,1535241599,0.00006164,0.00006300,0.00005927,0.00006117,6848410.00000000
1535241600,1535327999,0.00006117,0.00006295,0.00006005,0.00006193,2545406.00000000
1535328000,1535414399,0.00006190,0.00006650,0.00006091,0.00006364,8652060.00000000
1535414400,1535500799,0.00006369,0.00006547,0.00006258,0.00006380,4277707.00000000
1535500800,1535587199,0.00006378,0.00006600,0.00006278,0.00006380,5203625.00000000
1535587200,1535673599,0.00006369,0.00006369,0.00006015,0.00006148,3871714.00000000
1535673600,1535759999,0.00006103,0.00006380,0.00006033,0.00006272,3524042.00000000
1535760000,1535846399,0.00006269,0.00006344,0.00006115,0.00006164,3776360.00000000
1535846400,1535932799,0.00006164,0.00006300,0.00006100,0.00006167,4108012.00000000
1535932800,1536019199,0.00006190,0.00006300,0.00006150,0.00006230,4816571.00000000
1536019200,1536105599,0.00006274,0.00006630,0.00006170,0.00006516,5266887.00000000
1536105600,1536191999,0.00006515,0.00006900,0.00006300,0.00006793,13174154.00000000
1536192000,1536278399,0.00006772,0.00006895,0.00006579,0.00006775,7107961.00000000
1536278400,1536364799,0.00006775,0.00006980,0.00006682,0.00006897,6681415.00000000
1536364800,1536451199,0.00006898,0.00007300,0.00006781,0.00007143,9290902.00000000
1536451200,1536537599,0.00007183,0.00007290,0.00007005,0.00007127,3916349.00000000
1536537600,1536623999,0.00007103,0.00007390,0.00007020,0.00007188,4634057.00000000
1536624000,1536710399,0.00007158,0.00007299,0.00007000,0.00007173,8480505.00000000
1536710400,1536796799,0.00007227,0.00007227,0.00006700,0.00006849,18217039.00000000
1536796800,1536883199,0.00006822,0.00007097,0.00006500,0.00006762,15326045.00000000
1536883200,1536969599,0.00006769,0.00006965,0.00006591,0.00006670,7930956.00000000
1536969600,1537055999,0.00006671,0.00006691,0.00006300,0.00006492,7341694.00000000
1537056000,1537142399,0.00006495,0.00007272,0.00006446,0.00007106,13608457.00000000
1537142400,1537228799,0.00007140,0.00008326,0.00007100,0.00008186,40794697.00000000
1537228800,1537315199,0.00008174,0.00008575,0.00007282,0.00007382,16738764.00000000
1537315200,1537401599,0.00007384,0.00007914,0.00007100,0.00007905,9587574.00000000
1537401600,1537487999,0.00007911,0.00009129,0.00007733,0.00008015,39711768.00000000
1537488000,1537574399,0.00008000,0.00008152,0.00007400,0.00007504,14683871.00000000
1537574400,1537660799,0.00007498,0.00007649,0.00007200,0.00007318,5749978.00000000
1537660800,1537747199,0.00007318,0.00007459,0.00007000,0.00007253,5401224.00000000
1537747200,1537833599,0.00007353,0.00007673,0.00007273,0.00007313,4803079.00000000
1537833600,1537919999,0.00007284,0.00008124,0.00007100,0.00007379,9236821.00000000
1537920000,1538006399,0.00007382,0.00008043,0.00007382,0.00007591,5449400.00000000
1538006400,1538092799,0.00007591,0.00007638,0.00007298,0.00007363,4627255.00000000
1538092800,1538179199,0.00007375,0.00007486,0.00007100,0.00007270,4390911.00000000
1538179200,1538265599,0.00007270,0.00007305,0.00006800,0.00006938,5552105.00000000
1538265600,1538351999,0.00006950,0.00007109,0.00006200,0.00006427,15441075.00000000
1538352000,1538438399,0.00006435,0.00006641,0.00006427,0.00006565,5257642.00000000
1538438400,1538524799,0.00006567,0.00009280,0.00006567,0.00007065,61881319.00000000
1538524800,1538611199,0.00007040,0.00007172,0.00006900,0.00006956,8355708.00000000
1538611200,1538697599,0.00006998,0.00007120,0.00006900,0.00007054,7080277.00000000
1538697600,1538783999,0.00007054,0.00007158,0.00006802,0.00006959,5788275.00000000
1538784000,1538870399,0.00006959,0.00007029,0.00006800,0.00006889,2505579.00000000
1538870400,1538956799,0.00006889,0.00007299,0.00006800,0.00007058,4162875.00000000
1538956800,1539043199,0.00007055,0.00007055,0.00006848,0.00007019,2038863.00000000
1539043200,1539129599,0.00007024,0.00007150,0.00006813,0.00006884,2185151.00000000
1539129600,1539215999,0.00006887,0.00007195,0.00006755,0.00007112,3709497.00000000
1539216000,1539302399,0.00007098,0.00007350,0.00006700,0.00007193,13020728.00000000
1539302400,1539388799,0.00007189,0.00007378,0.00006816,0.00007183,7696163.00000000
1539388800,1539475199,0.00007191,0.00007280,0.00007015,0.00007165,1232053.00000000
1539475200,1539561599,0.00007179,0.00007374,0.00007040,0.00007313,3054078.00000000
1539561600,1539647999,0.00007350,0.00007374,0.00006803,0.00006988,5968301.00000000
1539648000,1539734399,0.00006988,0.00007060,0.00006852,0.00006985,2801007.00000000
1539734400,1539820799,0.00007012,0.00007271,0.00006902,0.00007099,3972409.00000000
1539820800,1539907199,0.00007066,0.00007495,0.00007009,0.00007279,8496346.00000000
1539907200,1539993599,0.00007279,0.00007495,0.00007174,0.00007244,2539788.00000000
1539993600,1540079999,0.00007248,0.00007284,0.00007117,0.00007130,1233788.00000000
1540080000,1540166399,0.00007198,0.00007275,0.00007043,0.00007172,2804114.00000000
1540166400,1540252799,0.00007144,0.00007178,0.00006400,0.00006669,15936875.00000000
1540252800,1540339199,0.00006683,0.00007016,0.00006599,0.00006881,14800519.00000000
1540339200,1540425599,0.00006860,0.00006932,0.00006557,0.00006676,11604908.00000000
1540425600,1540511999,0.00006712,0.00007290,0.00006622,0.00007025,13461601.00000000
1540512000,1540598399,0.00007030,0.00007099,0.00006862,0.00006917,7388054.00000000
1540598400,1540684799,0.00006918,0.00006964,0.00006600,0.00006801,5033970.00000000
1540684800,1540771199,0.00006801,0.00007200,0.00006547,0.00007016,19208163.00000000
1540771200,1540857599,0.00007016,0.00007875,0.00006900,0.00007275,30405209.00000000
1540857600,1540943999,0.00007280,0.00007358,0.00007116,0.00007256,7733536.00000000
1540944000,1541030399,0.00007256,0.00007300,0.00007000,0.00007193,5894716.00000000
1541030400,1541116799,0.00007186,0.00007256,0.00007057,0.00007152,2311527.00000000
1541116800,1541203199,0.00007130,0.00007143,0.00006900,0.00006957,3824932.00000000
1541203200,1541289599,0.00006962,0.00006975,0.00006811,0.00006887,2696911.00000000
1541289600,1541375999,0.00006889,0.00007200,0.00006600,0.00006709,10541728.00000000
1541376000,1541462399,0.00006718,0.00006799,0.00006300,0.00006473,7460176.00000000
1541462400,1541548799,0.00006477,0.00006890,0.00006054,0.00006064,17268454.00000000
1541548800,1541635199,0.00006117,0.00006118,0.00005700,0.00005970,24892635.00000000
1541635200,1541721599,0.00005973,0.00006131,0.00005879,0.00006020,8529216.00000000
1541721600,1541807999,0.00006010,0.00006020,0.00005759,0.00005854,5042494.00000000
1541808000,1541894399,0.00005833,0.00005902,0.00005709,0.00005867,1681009.00000000
1541894400,1541980799,0.00005855,0.00005901,0.00005708,0.00005745,3120925.00000000
1541980800,1542067199,0.00005734,0.00006161,0.00005716,0.00005814,6213782.00000000
1542067200,1542153599,0.00005814,0.00006290,0.00005617,0.00005680,10786211.00000000
1542153600,1542239999,0.00005674,0.00005745,0.00004911,0.00005172,24444711.00000000
1542240000,1542326399,0.00005167,0.00005268,0.00004605,0.00004964,14177791.00000000
1542326400,1542412799,0.00005006,0.00005084,0.00004775,0.00004913,4565818.00000000
1542412800,1542499199,0.00004898,0.00004898,0.00004650,0.00004724,3675922.00000000
1542499200,1542585599,0.00004724,0.00004944,0.00004686,0.00004861,6753501.00000000
1542585600,1542671999,0.00004835,0.00004864,0.00004119,0.00004372,23694788.00000000
1542672000,1542758399,0.00004329,0.00004400,0.00003746,0.00004083,37054587.00000000
1542758400,1542844799,0.00004042,0.00004892,0.00003994,0.00004445,10881038.00000000
1542844800,1542931199,0.00004456,0.00004864,0.00004402,0.00004517,4887212.00000000
1542931200,1543017599,0.00004519,0.00004860,0.00004338,0.00004502,5477206.00000000
1543017600,1543103999,0.00004547,0.00004606,0.00004190,0.00004281,3238867.00000000
1543104000,1543190399,0.00004282,0.00004300,0.00004000,0.00004136,6216122.00000000
1543190400,1543276799,0.00004177,0.00004348,0.00003956,0.00004072,6360208.00000000
1543276800,1543363199,0.00004072,0.00004367,0.00003952,0.00004259,6528735.00000000
1543363200,1543449599,0.00004258,0.00007505,0.00004215,0.00004907,131715515.00000000
1543449600,1543535999,0.00004893,0.00005251,0.00004700,0.00004808,49904681.00000000
1543536000,1543622399,0.00004808,0.00004879,0.00004310,0.00004433,19871835.00000000
1543622400,1543708799,0.00004434,0.00004609,0.00004390,0.00004476,9231802.00000000
1543708800,1543795199,0.00004465,0.00004546,0.00004350,0.00004461,5039997.00000000
1543795200,1543881599,0.00004461,0.00004479,0.00004203,0.00004289,9664663.00000000
1543881600,1543967999,0.00004290,0.00004435,0.00004267,0.00004384,7717763.00000000
1543968000,1544054399,0.00004355,0.00004442,0.00004320,0.00004442,4085883.00000000
1544054400,1544140799,0.00004415,0.00004785,0.00004338,0.00004522,13234153.00000000
1544140800,1544227199,0.00004531,0.00004700,0.00004200,0.00004297,13046323.00000000
1544227200,1544313599,0.00004244,0.00004580,0.00004178,0.00004461,7548692.00000000
1544313600,1544399999,0.00004449,0.00004850,0.00004354,0.00004590,8935565.00000000
1544400000,1544486399,0.00004644,0.00004809,0.00004498,0.00004540,8004541.00000000
1544486400,1544572799,0.00004566,0.00004573,0.00004200,0.00004358,10611221.00000000
1544572800,1544659199,0.00004360,0.00004418,0.00004299,0.00004390,7622839.00000000
1544659200,1544745599,0.00004399,0.00004403,0.00004033,0.00004223,12993819.00000000
1544745600,1544831999,0.00004217,0.00004306,0.00004138,0.00004187,13788737.00000000
1544832000,1544918399,0.00004187,0.00004245,0.00004122,0.00004163,3261289.00000000
1544918400,1545004799,0.00004139,0.00004238,0.00004000,0.00004105,7254370.00000000
1545004800,1545091199,0.00004105,0.00004240,0.00004027,0.00004104,7177834.00000000
1545091200,1545177599,0.00004128,0.00004689,0.00004056,0.00004089,8743482.00000000
1545177600,1545263999,0.00004056,0.00004600,0.00004000,0.00004348,29308616.00000000
1545264000,1545350399,0.00004347,0.00004720,0.00004027,0.00004127,14242269.00000000
1545350400,1545436799,0.00004132,0.00004352,0.00003973,0.00004200,6524557.00000000
1545436800,1545523199,0.00004200,0.00004319,0.00004015,0.00004039,4673781.00000000
1545523200,1545609599,0.00004078,0.00004078,0.00003651,0.00003697,15477149.00000000
1545609600,1545695999,0.00003651,0.00003686,0.00003327,0.00003579,14243211.00000000
1545696000,1545782399,0.00003593,0.00003686,0.00003373,0.00003453,2856071.00000000
1545782400,1545868799,0.00003466,0.00003582,0.00003366,0.00003501,2021035.00000000
1545868800,1545955199,0.00003501,0.00003673,0.00003420,0.00003495,3511352.00000000
1545955200,1546041599,0.00003496,0.00003540,0.00003223,0.00003223,7780768.00000000
1546041600,1546127999,0.00003223,0.00003378,0.00003046,0.00003115,14615577.00000000
1546128000,1546214399,0.00003108,0.00003218,0.00003089,0.00003117,5674974.00000000
1546214400,1546300799,0.00003125,0.00003208,0.00003072,0.00003095,3161792.00000000
1546300800,1546387199,0.00003072,0.00003108,0.00002914,0.00003020,2837253.00000000
1546387200,1546473599,0.00003014,0.00003027,0.00002798,0.00002822,14270180.00000000
1546473600,1546559999,0.00002827,0.00003033,0.00002782,0.00002894,10662098.00000000
1546560000,1546646399,0.00002913,0.00003033,0.00002739,0.00002916,9600052.00000000
1546646400,1546732799,0.00002905,0.00003089,0.00002822,0.00002905,8246988.00000000
1546732800,1546819199,0.00002897,0.00003021,0.00002824,0.00002985,5563050.00000000
1546819200,1546905599,0.00002970,0.00003235,0.00002941,0.00003036,12976953.00000000
1546905600,1546991999,0.00003048,0.00003092,0.00003000,0.00003037,5034846.00000000
1546992000,1547078399,0.00003037,0.00003128,0.00002988,0.00003123,9480573.00000000
1547078400,1547164799,0.00003110,0.00003333,0.00003082,0.00003166,12592049.00000000
1547164800,1547251199,0.00003185,0.00003300,0.00003130,0.00003210,18311187.00000000
1547251200,1547337599,0.00003224,0.00003400,0.00003210,0.00003348,8441812.00000000
1547337600,1547423999,0.00003348,0.00003531,0.00003291,0.00003477,7615380.00000000
1547424000,1547510399,0.00003477,0.00003499,0.00003200,0.00003256,8188205.00000000
1547510400,1547596799,0.00003235,0.00003566,0.00003207,0.00003371,9365230.00000000
1547596800,1547683199,0.00003381,0.00003669,0.00003351,0.00003517,15305171.00000000
1547683200,1547769599,0.00003501,0.00003735,0.00003473,0.00003638,13374212.00000000
1547769600,1547855999,0.00003645,0.00003743,0.00003527,0.00003643,8747303.00000000
1547856000,1547942399,0.00003612,0.00003900,0.00003605,0.00003865,12419340.00000000
1547942400,1548028799,0.00003897,0.00004012,0.00003693,0.00003887,17538986.00000000
1548028800,1548115199,0.00003885,0.00004295,0.00003796,0.00004120,21438881.00000000
1548115200,1548201599,0.00004110,0.00005135,0.00004023,0.00004220,160797697.00000000
1548201600,1548287999,0.00004213,0.00004282,0.00003800,0.00003927,94564986.00000000
1548288000,1548374399,0.00003901,0.00004060,0.00003778,0.00003858,81693168.00000000
1548374400,1548460799,0.00003873,0.00003884,0.00003679,0.00003744,28948200.00000000
1548460800,1548547199,0.00003749,0.00003811,0.00003672,0.00003680,26489495.00000000
1548547200,1548633599,0.00003714,0.00003799,0.00003600,0.00003706,20572076.00000000
1548633600,1548719999,0.00003704,0.00003825,0.00003550,0.00003604,54693053.00000000
1548720000,1548806399,0.00003629,0.00003693,0.00003400,0.00003622,120752919.00000000
1548806400,1548892799,0.00003626,0.00003733,0.00003527,0.00003612,6410033.00000000
1548892800,1548979199,0.00003586,0.00003794,0.00003428,0.00003592,9014712.00000000
1548979200,1549065599,0.00003558,0.00003690,0.00003545,0.00003609,7397854.00000000
1549065600,1549151999,0.00003609,0.00003646,0.00003448,0.00003448,4442658.00000000
1549152000,1549238399,0.00003456,0.00003839,0.00003444,0.00003706,13231945.00000000
1549238400,1549324799,0.00003708,0.00003814,0.00003550,0.00003661,5420590.00000000
1549324800,1549411199,0.00003661,0.00003661,0.00003530,0.00003655,5410119.00000000
1549411200,1549497599,0.00003676,0.00003784,0.00003594,0.00003650,4005604.00000000
1549497600,1549583999,0.00003666,0.00003726,0.00003560,0.00003588,4669852.00000000
1549584000,1549670399,0.00003600,0.00003654,0.00003330,0.00003402,13412493.00000000
1549670400,1549756799,0.00003406,0.00003490,0.00003139,0.00003338,17562199.00000000
1549756800,1549843199,0.00003345,0.00003410,0.00003116,0.00003125,6576085.00000000
1549843200,1549929599,0.00003128,0.00003213,0.00003101,0.00003144,4390613.00000000
1549929600,1550015999,0.00003138,0.00003344,0.00003133,0.00003168,2949217.00000000
1550016000,1550102399,0.00003170,0.00003188,0.00003100,0.00003127,4050374.00000000
1550102400,1550188799,0.00003135,0.00003249,0.00003063,0.00003101,5314112.00000000
1550188800,1550275199,0.00003101,0.00003139,0.00003057,0.00003098,2770304.00000000
1550275200,1550361599,0.00003091,0.00003111,0.00002900,0.00002964,9351753.00000000
1550361600,1550447999,0.00002949,0.00003002,0.00002710,0.00002767,11702721.00000000
1550448000,1550534399,0.00002773,0.00002938,0.00002612,0.00002676,12810047.00000000
1550534400,1550620799,0.00002667,0.00002965,0.00002609,0.00002754,7134777.00000000
1550620800,1550707199,0.00002778,0.00002921,0.00002500,0.00002734,18191811.00000000
1550707200,1550793599,0.00002745,0.00002790,0.00002694,0.00002728,2070924.00000000
1550793600,1550879999,0.00002704,0.00002757,0.00002666,0.00002730,2727684.00000000
1550880000,1550966399,0.00002730,0.00002735,0.00002513,0.00002559,3263317.00000000
1550966400,1551052799,0.00002556,0.00002798,0.00002457,0.00002744,8764752.00000000
1551052800,1551139199,0.00002744,0.00002800,0.00002622,0.00002666,7360256.00000000
1551139200,1551225599,0.00002674,0.00002821,0.00002662,0.00002800,8571703.00000000
1551225600,1551311999,0.00002783,0.00002914,0.00002743,0.00002780,6094244.00000000
1551312000,1551398399,0.00002780,0.00002786,0.00002711,0.00002771,3583149.00000000
1551398400,1551484799,0.00002757,0.00002827,0.00002749,0.00002809,1689841.00000000
1551484800,1551571199,0.00002809,0.00002900,0.00002777,0.00002894,3680144.00000000
1551571200,1551657599,0.00002867,0.00003010,0.00002818,0.00002963,7339206.00000000
1551657600,1551743999,0.00002959,0.00003200,0.00002940,0.00003177,20967961.00000000
1551744000,1551830399,0.00003177,0.00003367,0.00002964,0.00003026,23871792.00000000
1551830400,1551916799,0.00003026,0.00003066,0.00002912,0.00002937,7288846.00000000
1551916800,1552003199,0.00002947,0.00002990,0.00002901,0.00002930,4741947.00000000
1552003200,1552089599,0.00002930,0.00002967,0.00002850,0.00002928,10599439.00000000
1552089600,1552175999,0.00002914,0.00002990,0.00002831,0.00002955,7595543.00000000
1552176000,1552262399,0.00002967,0.00003020,0.00002934,0.00002981,4533420.00000000
1552262400,1552348799,0.00002989,0.00003046,0.00002939,0.00003017,5410857.00000000
1552348800,1552435199,0.00003020,0.00003240,0.00002996,0.00003166,13963130.00000000
1552435200,1552521599,0.00003138,0.00003600,0.00003079,0.00003348,23711234.00000000
1552521600,1552607999,0.00003311,0.00003567,0.00003280,0.00003401,17758274.00000000
1552608000,1552694399,0.00003400,0.00003413,0.00003250,0.00003295,7264429.00000000
1552694400,1552780799,0.00003294,0.00003458,0.00003182,0.00003324,14536441.00000000
1552780800,1552867199,0.00003324,0.00003366,0.00003280,0.00003339,2436006.00000000
1552867200,1552953599,0.00003367,0.00003400,0.00003196,0.00003247,6731875.00000000
1552953600,1553039999,0.00003220,0.00003314,0.00003220,0.00003263,3011393.00000000
1553040000,1553126399,0.00003282,0.00003450,0.00003263,0.00003371,6491102.00000000
1553126400,1553212799,0.00003371,0.00003387,0.00003207,0.00003321,5496186.00000000
1553212800,1553299199,0.00003321,0.00003356,0.00003270,0.00003340,2738926.00000000
1553299200,1553385599,0.00003340,0.00003344,0.00003260,0.00003336,4444559.00000000
1553385600,1553471999,0.00003334,0.00003344,0.00003280,0.00003303,3571142.00000000
1553472000,1553558399,0.00003303,0.00003450,0.00003241,0.00003402,7083117.00000000
1553558400,1553644799,0.00003436,0.00003498,0.00003290,0.00003479,10907040.00000000
1553644800,1553731199,0.00003479,0.00003678,0.00003381,0.00003388,21105043.00000000
1553731200,1553817599,0.00003404,0.00003594,0.00003340,0.00003530,10082865.00000000
1553817600,1553903999,0.00003510,0.00003579,0.00003380,0.00003416,7739676.00000000
1553904000,1553990399,0.00003417,0.00003559,0.00003335,0.00003542,6824851.00000000
1553990400,1554076799,0.00003542,0.00003759,0.00003520,0.00003665,15319111.00000000
1554076800,1554163199,0.00003677,0.00003740,0.00003540,0.00003667,11806731.00000000
1554163200,1554249599,0.00003680,0.00003780,0.00003420,0.00003421,37500836.00000000
1554249600,1554335999,0.00003421,0.00003500,0.00003220,0.00003388,19543892.00000000
1554336000,1554422399,0.00003388,0.00003468,0.00003310,0.00003438,10332249.00000000
1554422400,1554508799,0.00003445,0.00003600,0.00003350,0.00003520,13142226.00000000
1554508800,1554595199,0.00003540,0.00003638,0.00003358,0.00003476,13274408.00000000
1554595200,1554681599,0.00003476,0.00003560,0.00003320,0.00003364,7721591.00000000
1554681600,1554767999,0.00003342,0.00003347,0.00003160,0.00003232,9480583.00000000
1554768000,1554854399,0.00003234,0.00003397,0.00003148,0.00003330,8333192.00000000
1554854400,1554940799,0.00003331,0.00003350,0.00003194,0.00003256,8465855.00000000
1554940800,1555027199,0.00003285,0.00003350,0.00003068,0.00003140,14835555.00000000
1555027200,1555113599,0.00003140,0.00003290,0.00003119,0.00003226,2327143.00000000
1555113600,1555199999,0.00003226,0.00003362,0.00003208,0.00003308,3880615.00000000
1555200000,1555286399,0.00003335,0.00003364,0.00003222,0.00003276,4656373.00000000
1555286400,1555372799,0.00003265,0.00003320,0.00003201,0.00003233,3073012.00000000
1555372800,1555459199,0.00003255,0.00003255,0.00003173,0.00003191,3148573.00000000
1555459200,1555545599,0.00003191,0.00003329,0.00003100,0.00003239,5046057.00000000
1555545600,1555631999,0.00003266,0.00003285,0.00003121,0.00003172,4565696.00000000
1555632000,1555718399,0.00003187,0.00003353,0.00003156,0.00003229,7037607.00000000
1555718400,1555804799,0.00003202,0.00003237,0.00003143,0.00003209,4356888.00000000
1555804800,1555891199,0.00003209,0.00003256,0.00003137,0.00003196,4424435.00000000
1555891200,1555977599,0.00003196,0.00003290,0.00003090,0.00003274,5312113.00000000
1555977600,1556063999,0.00003274,0.00003740,0.00003265,0.00003659,39387584.00000000
1556064000,1556150399,0.00003659,0.00003659,0.00003354,0.00003390,19955186.00000000
1556150400,1556236799,0.00003393,0.00003438,0.00003351,0.00003351,5360709.00000000
1556236800,1556323199,0.00003347,0.00003409,0.00003248,0.00003312,9597846.00000000
1556323200,1556409599,0.00003321,0.00003412,0.00003298,0.00003400,3647485.00000000
1556409600,1556495999,0.00003406,0.00003439,0.00003225,0.00003271,4871303.00000000
1556496000,1556582399,0.00003271,0.00003479,0.00003220,0.00003314,11007067.00000000
1556582400,1556668799,0.00003336,0.00003498,0.00003248,0.00003392,5913599.00000000
1556668800,1556755199,0.00003379,0.00003525,0.00003349,0.00003387,4337485.00000000
1556755200,1556841599,0.00003367,0.00003456,0.00003301,0.00003412,4381909.00000000
1556841600,1556927999,0.00003412,0.00003440,0.00003212,0.00003297,6286710.00000000
1556928000,1557014399,0.00003272,0.00003558,0.00003252,0.00003397,3815649.00000000
1557014400,1557100799,0.00003420,0.00003470,0.00003361,0.00003410,1550457.00000000
1557100800,1557187199,0.00003411,0.00003500,0.00003180,0.00003226,6080581.00000000
1557187200,1557273599,0.00003226,0.00003231,0.00003080,0.00003141,5814854.00000000
1557273600,1557359999,0.00003141,0.00003187,0.00003028,0.00003068,3049564.00000000
1557360000,1557446399,0.00003031,0.00003370,0.00003020,0.00003064,8146573.00000000
1557446400,1557532799,0.00003058,0.00003300,0.00002985,0.00003138,8885076.00000000
1557532800,1557619199,0.00003137,0.00003219,0.00002820,0.00002914,11080950.00000000
1557619200,1557705599,0.00002871,0.00002946,0.00002786,0.00002791,7876367.00000000
1557705600,1557791999,0.00002792,0.00003076,0.00002720,0.00002785,9642069.00000000
1557792000,1557878399,0.00002784,0.00003049,0.00002654,0.00002702,9071694.00000000
1557878400,1557964799,0.00002707,0.00002835,0.00002621,0.00002641,7326576.00000000
1557964800,1558051199,0.00002657,0.00002657,0.00002403,0.00002531,14666361.00000000
1558051200,1558137599,0.00002522,0.00002630,0.00002400,0.00002470,9629847.00000000
1558137600,1558223999,0.00002470,0.00002617,0.00002465,0.00002591,2053775.00000000
1558224000,1558310399,0.00002586,0.00002650,0.00002320,0.00002427,9762841.00000000
1558310400,1558396799,0.00002423,0.00002520,0.00002367,0.00002463,3175888.00000000
1558396800,1558483199,0.00002468,0.00002590,0.00002381,0.00002440,5505731.00000000
1558483200,1558569599,0.00002440,0.00002710,0.00002401,0.00002556,11754982.00000000
1558569600,1558655999,0.00002556,0.00002740,0.00002532,0.00002664,4163115.00000000
1558656000,1558742399,0.00002664,0.00002699,0.00002464,0.00002537,3748002.00000000
1558742400,1558828799,0.00002533,0.00002587,0.00002460,0.00002476,3294021.00000000
1558828800,1558915199,0.00002475,0.00002643,0.00002418,0.00002479,8278419.00000000
1558915200,1559001599,0.00002482,0.00002544,0.00002340,0.00002402,7018172.00000000
1559001600,1559087999,0.00002423,0.00002461,0.00002340,0.00002380,4924012.00000000
1559088000,1559174399,0.00002399,0.00002448,0.00002321,0.00002400,5590522.00000000
1559174400,1559260799,0.00002423,0.00002522,0.00002287,0.00002468,10828736.00000000
1559260800,1559347199,0.00002471,0.00002590,0.00002401,0.00002490,5375070.00000000
1559347200,1559433599,0.00002490,0.00002496,0.00002351,0.00002431,4185735.00000000
1559433600,1559519999,0.00002432,0.00002456,0.00002367,0.00002445,3188204.00000000
1559520000,1559606399,0.00002445,0.00002477,0.00002403,0.00002448,2518291.00000000
1559606400,1559692799,0.00002427,0.00002450,0.00002335,0.00002444,5733653.00000000
1559692800,1559779199,0.00002436,0.00002470,0.00002380,0.00002456,2616270.00000000
1559779200,1559865599,0.00002445,0.00002549,0.00002439,0.00002460,5635119.00000000
1559865600,1559951999,0.00002460,0.00002610,0.00002460,0.00002583,5167974.00000000
1559952000,1560038399,0.00002583,0.00002665,0.00002533,0.00002624,5731590.00000000
1560038400,1560124799,0.00002625,0.00002750,0.00002592,0.00002750,7147453.00000000
1560124800,1560211199,0.00002721,0.00002770,0.00002616,0.00002623,4421777.00000000
1560211200,1560297599,0.00002626,0.00002669,0.00002434,0.00002500,38514855.00000000
1560297600,1560383999,0.00002500,0.00002553,0.00002417,0.00002422,21920685.00000000
1560384000,1560470399,0.00002421,0.00002493,0.00002394,0.00002425,3348675.00000000
1560470400,1560556799,0.00002443,0.00002486,0.00002188,0.00002213,9400867.00000000
1560556800,1560643199,0.00002237,0.00002534,0.00002221,0.00002337,14441442.00000000
1560643200,1560729599,0.00002337,0.00002707,0.00002227,0.00002340,24974615.00000000
1560729600,1560815999,0.00002337,0.00002433,0.00002158,0.00002242,14740695.00000000
1560816000,1560902399,0.00002239,0.00002325,0.00002201,0.00002246,6457756.00000000
1560902400,1560988799,0.00002247,0.00002540,0.00002179,0.00002404,17326688.00000000
1560988800,1561075199,0.00002397,0.00002404,0.00002157,0.00002206,5687301.00000000
1561075200,1561161599,0.00002198,0.00002300,0.00001990,0.00002049,18194228.00000000
1561161600,1561247999,0.00002032,0.00002032,0.00001678,0.00001755,14649003.00000000
1561248000,1561334399,0.00001755,0.00001870,0.00001681,0.00001779,8651043.00000000
1561334400,1561420799,0.00001779,0.00001960,0.00001741,0.00001798,6684126.00000000
1561420800,1561507199,0.00001793,0.00002112,0.00001764,0.00001967,13588545.00000000
1561507200,1561593599,0.00001956,0.00002076,0.00001493,0.00001633,18971837.00000000
1561593600,1561679999,0.00001633,0.00001897,0.00001583,0.00001804,26582959.00000000
1561680000,1561766399,0.00001804,0.00001804,0.00001638,0.00001721,9812781.00000000
1561766400,1561852799,0.00001721,0.00001819,0.00001581,0.00001642,13421973.00000000
1561852800,1561939199,0.00001640,0.00001719,0.00001376,0.00001684,12872285.00000000
1561939200,1562025599,0.00001694,0.00001776,0.00001649,0.00001770,11344083.00000000
1562025600,1562111999,0.00001763,0.00001780,0.00001500,0.00001575,20501213.00000000
1562112000,1562198399,0.00001576,0.00001602,0.00001408,0.00001424,16455651.00000000
1562198400,1562284799,0.00001437,0.00001539,0.00001283,0.00001457,39250679.00000000
1562284800,1562371199,0.00001456,0.00001469,0.00001303,0.00001317,16618445.00000000
1562371200,1562457599,0.00001314,0.00001820,0.00001198,0.00001443,58400114.00000000
1562457600,1562543999,0.00001441,0.00001536,0.00001326,0.00001347,17433585.00000000
1562544000,1562630399,0.00001338,0.00001379,0.00001274,0.00001285,11390907.00000000
1562630400,1562716799,0.00001281,0.00001288,0.00001161,0.00001224,13772895.00000000
1562716800,1562803199,0.00001223,0.00001420,0.00001163,0.00001327,14336144.00000000
1562803200,1562889599,0.00001327,0.00001381,0.00001291,0.00001305,3068353.00000000
1562889600,1562975999,0.00001306,0.00001531,0.00001276,0.00001466,8112633.00000000
1562976000,1563062399,0.00001457,0.00001550,0.00001390,0.00001410,7373809.00000000
1563062400,1563148799,0.00001428,0.00001530,0.00001351,0.00001411,9467437.00000000
1563148800,1563235199,0.00001409,0.00001510,0.00001377,0.00001396,7168287.00000000
1563235200,1563321599,0.00001394,0.00001460,0.00001293,0.00001419,6793257.00000000
1563321600,1563407999,0.00001396,0.00001500,0.00001310,0.00001344,6242648.00000000
1563408000,1563494399,0.00001348,0.00001477,0.00001317,0.00001474,3206770.00000000
1563494400,1563580799,0.00001474,0.00001768,0.00001419,0.00001479,35287047.00000000
1563580800,1563667199,0.00001479,0.00001585,0.00001423,0.00001491,7935990.00000000
1563667200,1563753599,0.00001504,0.00001676,0.00001480,0.00001486,5686719.00000000
1563753600,1563839999,0.00001494,0.00001550,0.00001466,0.00001475,3766309.00000000
1563840000,1563926399,0.00001504,0.00001520,0.00001414,0.00001438,3751186.00000000
1563926400,1564012799,0.00001436,0.00001452,0.00001397,0.00001419,3966325.00000000
1564012800,1564099199,0.00001419,0.00001486,0.00001409,0.00001439,3073976.00000000
1564099200,1564185599,0.00001425,0.00001445,0.00001410,0.00001427,682958.00000000
1564185600,1564271999,0.00001435,0.00001489,0.00001399,0.00001412,3595153.00000000
1564272000,1564358399,0.00001412,0.00001425,0.00001349,0.00001356,5301692.00000000
1564358400,1564444799,0.00001356,0.00001398,0.00001329,0.00001329,2873877.00000000
1564444800,1564531199,0.00001330,0.00001390,0.00001320,0.00001378,1114467.00000000
1564531200,1564617599,0.00001378,0.00001419,0.00001336,0.00001340,2861285.00000000
1564617600,1564703999,0.00001349,0.00001401,0.00001300,0.00001330,5295578.00000000
1564704000,1564790399,0.00001330,0.00001369,0.00001219,0.00001322,9675640.00000000
1564790400,1564876799,0.00001324,0.00001369,0.00001318,0.00001324,1445666.00000000
1564876800,1564963199,0.00001323,0.00001393,0.00001240,0.00001307,2913323.00000000
1564963200,1565049599,0.00001304,0.00001306,0.00001131,0.00001186,4955723.00000000
1565049600,1565135999,0.00001170,0.00001241,0.00001131,0.00001152,4318648.00000000
1565136000,1565222399,0.00001149,0.00001211,0.00001122,0.00001198,2436955.00000000
1565222400,1565308799,0.00001183,0.00001183,0.00001101,0.00001147,3241733.00000000
1565308800,1565395199,0.00001157,0.00001175,0.00001035,0.00001097,8120819.00000000
1565395200,1565481599,0.00001089,0.00001123,0.00001013,0.00001123,13479625.00000000
1565481600,1565567999,0.00001112,0.00001114,0.00001066,0.00001066,1094791.00000000
1565568000,1565654399,0.00001075,0.00001120,0.00001063,0.00001097,1090001.00000000
1565654400,1565740799,0.00001095,0.00001139,0.00001075,0.00001108,7174669.00000000
1565740800,1565827199,0.00001104,0.00001243,0.00001059,0.00001176,19606530.00000000
1565827200,1565913599,0.00001181,0.00001299,0.00001158,0.00001226,4363579.00000000
1565913600,1565999999,0.00001222,0.00001251,0.00001220,0.00001220,1776340.00000000
1566000000,1566086399,0.00001220,0.00001241,0.00001212,0.00001216,1727942.00000000
1566086400,1566172799,0.00001210,0.00001229,0.00001191,0.00001211,2192587.00000000
1566172800,1566259199,0.00001209,0.00001222,0.00001185,0.00001192,1494802.00000000
1566259200,1566345599,0.00001186,0.00001248,0.00001150,0.00001194,8180855.00000000
1566345600,1566431999,0.00001179,0.00001236,0.00001175,0.00001194,8871904.00000000
1566432000,1566518399,0.00001191,0.00001331,0.00001160,0.00001290,11954775.00000000
1566518400,1566604799,0.00001290,0.00001445,0.00001278,0.00001328,4491327.00000000
1566604800,1566691199,0.00001343,0.00001977,0.00001315,0.00001759,111720205.00000000
1566691200,1566777599,0.00001759,0.00002157,0.00001680,0.00001829,104584130.00000000
1566777600,1566863999,0.00001831,0.00001918,0.00001601,0.00001700,29868773.00000000
1566864000,1566950399,0.00001696,0.00001733,0.00001554,0.00001627,26037914.00000000
1566950400,1567036799,0.00001608,0.00001840,0.00001531,0.00001585,64350705.00000000
1567036800,1567123199,0.00001588,0.00001588,0.00001431,0.00001453,15528344.00000000
1567123200,1567209599,0.00001457,0.00001504,0.00001440,0.00001502,6294024.00000000
1567209600,1567295999,0.00001503,0.00001665,0.00001499,0.00001561,20326644.00000000
1567296000,1567382399,0.00001557,0.00001583,0.00001521,0.00001543,5063926.00000000
